id,name,lat,lon
1,Rajeethan,30.331281,76.389248
2,Divishnan,43.728203,-72.584881
3,Nalangkilli,38.899529,-77.08481
4,Keshev,30.35058,76.374102
5,Dushanthika,42.623305,-84.153154
6,Dheshga,42.617029,-84.160645
7,Suedesh,30.331281,76.389248
8,Krithi,10.135778,76.32127
9,Nishman,30.331281,76.389248
10,Lucknaah,30.331281,76.389248
11,Branitha,42.617029,-84.160645
12,Astrit,42.617029,-84.160645
13,Luckshikaa,42.617029,-84.160645
14,Eravanen,30.331281,76.389248
15,Kuppa,30.331281,76.389248
16,Yudhisthira,30.331281,76.389248
17,Champakavathi,42.617029,-84.160645
18,Udita,30.331281,76.389248
19,Yaathami,42.617029,-84.160645
20,Aalok,42.617029,-84.160645
21,Daridriya,,
22,Paarika,38.68113,-121.513415
23,Virendri,42.62071,-84.160957
24,Upagupta,42.617029,-84.160645
25,Vithaka,30.331281,76.389248
26,Dayita,30.331281,76.389248
27,Tharakan,42.617029,-84.160645
28,Yanushan,51.293504,19.651245
29,Abisayan,30.331281,76.389248
30,Reyaan,30.331281,76.389248
31,Inbaraj,35.070568,69.295522
32,Manju sri,30.331281,76.389248
33,Barna,,
34,Aadhiren,30.331281,76.389248
35,Maasilan,42.617029,-84.160645
36,Kobanan,42.617029,-84.160645
37,Samir,30.331281,76.389248
38,Liani,42.617029,-84.160645
39,Suvaathishan,42.617029,-84.160645
40,Sagadevan,42.617029,-84.160645
41,Abirran,-18.227077,28.949773
42,Romilan,30.331281,76.389248
43,Dharsu,30.336062,76.393362
44,Vinushi,42.617029,-84.160645
45,Kaivalya,11.175178,-60.757963
46,Arukshana,33.826646,-111.943864
47,Sahiran,30.331281,76.389248
48,Aamod,30.331281,76.389248
49,Athushnan,42.617029,-84.160645
50,Dharani,30.331281,76.389248
51,Ashantini,42.617029,-84.160645
52,Vithukeshan,42.617029,-84.160645
53,Mohanakrishna,30.331281,76.389248
54,Hari srinivas,42.617029,-84.160645
55,Upakaar,30.317749,76.399894
56,Kaliraj,-18.227077,28.949773
57,Alagiri,30.331281,76.389248
58,Nirpana,30.331281,76.389248
59,Thasharakan,41.122922,-104.805002
60,Prageethen,42.633627,-84.156726
61,Sanatan,30.331281,76.389248
62,Vishranti,30.331281,76.389248
63,Natali,30.331281,76.389248
64,Rudhrika,10.652048,-61.393218
65,Padmodbhava,35.365038,-91.697649
66,Pranayan,42.617029,-84.160645
67,Gini,41.721943,-72.604365
68,Pushpathas,41.722701,-72.605087
69,Amrit,30.331281,76.389248
70,Vinumitra,30.331281,76.389248
71,Andal,27.538391,83.6557
72,Dalsher,30.331281,76.389248
73,Sanjaykumar,30.331281,76.389248
74,Alakananda,36.973123,-121.887618
75,Niveshtha,30.331281,76.389248
76,Eshvar,30.331281,76.389248
77,Ahalyani,30.331281,76.389248
78,Abdus Salaam,30.331281,76.389248
79,Thaksin,30.331281,76.389248
80,Tuhi,30.331281,76.389248
81,Tashena,,
82,Ahilarakshan,35.363109,-91.698051
83,Hrish,33.844896,-111.942709
84,Avreen,30.331281,76.389248
85,Kalash,30.35058,76.374102
86,Anuya,30.35058,76.374102
87,Kulandavelayudhan,30.331281,76.389248
88,Achuthan,27.515801,83.671124
89,Venaya,30.331281,76.389248
90,Draupadi,41.825623,-75.099208
91,Vibhavari,42.617029,-84.150812
92,Revashini,30.331281,76.389248
93,Krishmitha,42.617029,-84.160645
94,Ramendra,36.971193,-121.887143
95,Jeyanika,42.617029,-84.160645
96,Anathmika,-18.227077,28.949773
97,Dharmpaal,42.634988,-84.156817
98,Chellamani,30.331281,76.389248
99,Aradhanaa,38.898528,-77.084528
100,Vivitha,36.972578,-121.887525
101,Abra,30.331281,76.389248
102,Shiva Kumaran,42.617029,-84.160645
103,Harakodhandarama,42.617029,-84.160645
104,Namaya,30.331281,76.389248
105,Thameera,33.83945,-111.9459
106,Nevish,51.157986,4.745343
107,Amruth,30.317749,76.399894
108,Veebishni,30.331281,76.389248
109,Raguraj,30.331281,76.389248
110,Yasasvini,30.331281,76.389248
111,Biranuka,30.331281,76.389248
112,Prantik,41.722558,-72.604445
113,Suvaathith,30.331281,76.389248
114,Anjane,41.722701,-72.605087
115,Indhrani,42.617029,-84.160645
116,Ekaja,33.860637,-111.94648
117,Divekar,44.392527,-88.717987
118,Thillai,30.331281,76.389248
119,Alden,30.290475,76.326999
120,Gowrathan,30.336062,76.393362
121,Lema,42.617029,-84.160645
122,Aanjaneya,42.623435,-84.158734
123,Athanyan,42.617029,-84.160645
124,Subir,42.617029,-84.160645
125,Rajavenn,30.347929,76.395555
126,Nirup,30.331281,76.389248
127,Malakan,30.317749,76.399894
128,Vimisika,42.617029,-84.160645
129,Santhikan,30.331281,76.389248
130,Kathirvaani,30.331281,76.389248
131,Shishul,42.617029,-84.160645
132,Sanakan,30.331281,76.389248
133,Niji,30.331281,76.389248
134,Majeepan,35.262718,-111.738824
135,Lathuran,42.617029,-84.160645
136,Ellaalan,30.331281,76.389248
137,Balaichand,30.331281,76.389248
138,Thanakaran,30.331281,76.389248
139,Shriranjan,41.122922,-104.805002
140,Chris,30.331281,76.389248
141,Thasan,42.617029,-84.160645
142,Dwarakan,30.331281,76.389248
143,Patheepan,42.617029,-84.160645
144,Pavisana,36.972713,-121.887533
145,Dasharath,42.617029,-84.160645
146,Patanjali,42.617029,-84.160645
147,Leenusha,30.331281,76.389248
148,Tarvin,33.860637,-111.94648
149,Haranya,41.722727,-72.604481
150,Janasruti,30.331281,76.389248
151,Ramyatha,33.860637,-111.94648
152,Rakshikan,28.543357,77.225578
153,Geetanjali,30.331281,76.389248
154,Eelaventhan,30.331281,76.389248
155,Imarsayan,42.617029,-84.160645
156,Ileana,42.617029,-84.160645
157,Hari Krishna,42.617029,-84.160645
158,Thushane,33.824547,-111.9427
159,Angelica,42.617029,-84.160645
160,Karthidevan,30.331281,76.389248
161,Sakthikaa,42.617029,-84.160645
162,Arhathi,30.331281,76.389248
163,Rajavignesh,30.331281,76.389248
164,Gurjas,32.58432,-97.146735
165,Govin,30.331281,76.389248
166,Ratri,33.860126,-111.943801
167,Nisharna,42.617029,-84.160645
168,Chandra,42.617029,-84.160645
169,Kabila,30.331281,76.389248
170,Ramshina,30.331281,76.389248
171,Kanaalan,30.347929,76.395555
172,Roxana,42.617029,-84.160645
173,Kaavetha,42.617029,-84.160645
174,Mivaan,33.825685,-111.943982
175,Niara,38.680794,-121.513356
176,Balamithran,42.617029,-84.160645
177,Kshaunish,30.35058,76.374102
178,Prathima,30.35058,76.374102
179,Vakeni,30.336062,76.393362
180,Vedashri,33.826646,-111.943864
181,Monick,42.617029,-84.160645
182,Harsana,-18.227077,28.949773
183,Preman,41.18527,-8.559691
184,Rupasree,30.331281,76.389248
185,Lathiksha,42.617029,-84.160645
186,Einiya,42.585521,-73.838565
187,Loshanth,30.331281,76.389248
188,Vinayaa,30.331281,76.389248
189,Marusan,30.331281,76.389248
190,Biral,30.331281,76.389248
191,Viswajanya,30.317749,76.399894
192,Neysa,30.317749,76.399894
193,Abbas,42.635733,-84.156915
194,Harichandana,30.18445,76.52749
195,Shay,30.331281,76.389248
196,Arvi,42.617029,-84.160645
197,Rattan,41.720544,-72.603882
198,Paridasan,30.331281,76.389248
199,Maurima,41.825623,-75.099208
200,Jaiwant,30.331281,76.389248
201,Iniyazh,-18.227077,28.949773
202,Sanathan,36.972986,-121.887602
203,Kishara,42.617029,-84.160645
204,Jaymen,35.363147,-91.697083
205,Praganya,30.336062,76.393362
206,Thaanushan,43.9389,-69.980095
207,Howsiha,30.331281,76.389248
208,Amuk,30.35058,76.374102
209,Midharshena,30.317749,76.399894
210,Dishan,30.331281,76.389248
211,Gokula krishna,41.720544,-72.603882
212,Deneshan,33.858277,-111.944047
213,Hridayanshu,42.617029,-84.160645
214,Anushi,,
215,Nidhulan,42.617029,-84.160645
216,Aseem,42.617029,-84.160645
217,Sevanth,-18.227077,28.949773
218,Umaselvan,42.617029,-84.160645
219,Muni,38.899529,-77.08481
220,Kovid,33.83945,-111.9459
221,Dattatreya,38.680777,-121.513075
222,Birbal,,
223,Aalisha,42.617029,-84.160645
224,Bhaasvar,41.722567,-72.605028
225,Uyiral,42.617029,-84.160645
226,Daedeepya,42.626633,-84.154046
227,Vasudharini,42.62071,-84.160957
228,Baltej,30.331281,76.389248
229,Chithran,30.331281,76.389248
230,Poonkulavathany,42.617029,-84.160645
231,Ananthigai,42.617029,-84.160645
232,Prajasri,42.617029,-84.160645
233,Nityarubini,30.331281,76.389248
234,Sijaanthan,30.331281,76.389248
235,Keethitha,30.331281,76.389248
236,Afra,30.331281,76.389248
237,Nayanthana,30.331281,76.389248
238,Sivatharchan,,
239,Warshan,30.331281,76.389248
240,Shaarujen,30.331281,76.389248
241,Jeyarshan,30.331281,76.389248
242,Vaanee,30.317749,76.399894
243,Rubana,30.331281,76.389248
244,Jeeviethan,42.617029,-84.160645
245,Movithiyan,30.331281,76.389248
246,Falgun,-18.226338,28.949799
247,Kirikaesha,30.331281,76.389248
248,Nishav,30.331281,76.389248
249,Allavili,41.825623,-75.099208
250,Ravi Kanth,38.680554,-121.5117
251,Hasanthi,30.331281,76.389248
252,Aakarshana,42.62071,-84.160957
253,Abel,30.331281,76.389248
254,Dikshita,42.617029,-84.160645
255,Himavarshni,30.35058,76.374102
256,Rupshikha,36.973223,-121.888138
257,Vibishaan,42.617029,-84.160645
258,Gomini,37.170653,-122.159032
259,Binaisha,30.331281,76.389248
260,Aavinya,41.72081,-72.60424
261,Biratha,30.347929,76.395555
262,Yasitha,30.331281,76.389248
263,Hariniya,42.617029,-84.160645
264,Harihara Putra,30.331281,76.389248
265,Chaanakya,30.331281,76.389248
266,Ariktha,31.327895,-94.730927
267,Dhakshetha,10.135778,76.32127
268,Nilshana,30.331281,76.389248
269,Rubin,38.899087,-77.084654
270,Hemen,27.698072,84.424638
271,Vilshana,30.331281,76.389248
272,Lokindar,30.331281,76.389248
273,Kirishika,-18.227077,28.949773
274,Chaten,44.312307,-70.045065
275,Thamija,30.331281,76.389248
276,Niththila,36.97326,-121.887641
277,Jeevakaarunya,42.617029,-84.160645
278,Nathunaa,41.825623,-75.099208
279,Dhivesh,42.617029,-84.160645
280,Gowshiya,41.72024,-72.602114
281,Aligendran,30.35058,76.374102
282,Lisshan,30.331281,76.389248
283,Nitharshana,41.825175,-75.099492
284,Vickrah,34.946124,-92.000335
285,Nishanthana,38.680557,-121.513356
286,Keethiga,38.680767,-121.512494
287,Neelalogini,41.825175,-75.099492
288,Dharanai,41.722173,-72.606016
289,Pulithevan,30.331281,76.389248
290,Rovisha,35.661293,-80.85659
291,Lahirthana,38.613471,-122.863831
292,Abinaesh,30.331281,76.389248
293,Usman,42.617029,-84.160645
294,Thaaruthan,30.331281,76.389248
295,Ratash,41.720426,-72.603709
296,Sridip,42.617029,-84.160645
297,Ava,30.331281,76.389248
298,Vanirudh,-18.227077,28.949773
299,Kobinan,33.841977,-111.943851
300,Nirav,37.172698,-122.159835
301,Yashra,30.331281,76.389248
302,Tamilzhaki,42.617029,-84.160645
303,Jeyavirasi,44.392527,-88.717987
304,Namahan,30.331281,76.389248
305,Vaikaimaaran,30.331281,76.389248
306,Yaavithyan,37.172475,-122.157856
307,Thuvaaragi,38.909147,-97.849683
308,Apasyu,30.331281,76.389248
309,Magarantha,38.680111,-121.51364
310,Shanushan,42.617029,-84.160645
311,Tharugasini,30.331281,76.389248
312,Voransh,30.331281,76.389248
313,Agasthya,17.971693,78.20784
314,Mukundhasri,30.317749,76.399894
315,Mithunan,30.331281,76.389248
316,Goswamee,30.331281,76.389248
317,Jayasree,42.617029,-84.160645
318,Vimoshan,30.331281,76.389248
319,Gautam,43.726919,-72.584695
320,Sujanthan,42.617029,-84.160645
321,Yashodharan,30.331281,76.389248
322,Sreevin,37.355592,-108.588309
323,Devantakanashakarin,30.331281,76.389248
324,Lemar,36.970877,-121.886525
325,Lokya,34.19869,-82.146559
326,Vishanthini,30.331281,76.389248
327,Thivaayanan,42.617029,-84.160645
328,Kavilen,30.331281,76.389248
329,Kankangi,42.920182,-75.0456
330,Sivamanohar,30.331281,76.389248
331,Ramatheepan,30.331281,76.389248
332,Vinushara,35.057397,-80.835881
333,Dashina,30.331281,76.389248
334,Annie,30.331281,76.389248
335,Subarshan,-18.225517,28.947753
336,Gomesh,37.172475,-122.157856
337,Atshaya,30.331281,76.389248
338,Pavan Teja,42.617029,-84.160645
339,Anuraagaa,-18.227077,28.949773
340,Mithulram,42.617029,-84.160645
341,Daranya,30.331281,76.389248
342,Mishaanan,30.35058,76.374102
343,Anandani,42.617029,-84.160645
344,Navishnu,38.680765,-121.51388
345,Bhavadeep,42.617029,-84.160645
346,Rev,35.055414,-80.838786
347,Harivardhan,42.62071,-84.160957
348,Aravaraiyan,30.317749,76.399894
349,Kavinaya,37.171713,-122.160096
350,Buvaani,33.83945,-111.9459
351,Prashamsa,30.331281,76.389248
352,Thiyaashan,30.331281,76.389248
353,Meghnath,30.331281,76.389248
354,Ihit,30.331281,76.389248
355,Jeygan,42.617029,-84.160645
356,Nilaanikka,30.35058,76.374102
357,Anaisha,43.727409,-72.584748
358,Smitraj,30.18445,76.52749
359,Yoginampati,42.617029,-84.160645
360,Raman,41.720426,-72.603709
361,Muhaari,30.331281,76.389248
362,Abineshwaran,42.617029,-84.160645
363,Mahuya,30.331281,76.389248
364,Nandita,35.057397,-80.835881
365,Baalakrishna,30.331281,76.389248
366,Balasundhari,42.617029,-84.160645
367,Vibanya,30.331281,76.389248
368,Tamilvaanan,42.617029,-84.160645
369,Thaanya,42.617029,-84.160645
370,Gajenranatan,30.35058,76.374102
371,Varesikh,38.680436,-121.513267
372,Farha,42.617029,-84.160645
373,Anunika,30.331281,76.389248
374,Yaatharshan,36.972986,-121.887602
375,Varshini,41.825175,-75.099492
376,Lavaniya,30.35058,76.374102
377,Dilukshika,30.347929,76.395555
378,Keeshmita,42.617029,-84.160645
379,Bowya,30.35058,76.374102
380,Maadhuren,33.829161,-111.943666
381,Salvi,30.336062,76.393362
382,Simbhu,43.728203,-72.584881
383,Vaitheegan,34.058581,-93.967418
384,Driti,50.9837,22.845189
385,Devnesh,30.331281,76.389248
386,Tamilarasu,42.617029,-84.160645
387,Deeksithan,42.617029,-84.160645
388,Jamilla,30.331281,76.389248
389,Rajrishi,42.617029,-84.160645
390,Abbi,34.198104,-82.14651
391,Suseenthiran,30.336062,76.393362
392,Gobi krishnan,42.617029,-84.160645
393,Abinaga,,
394,Neyash,,
395,Viswanath,,
396,Nishaan,,
397,Suthagar,,
398,Ganikasri,,
399,Sanjib,,
400,Yavneeth,,
401,Anura,,
402,Devanya,,
403,Raheethan,,
404,Bela,,
405,Nyshita,,
406,Mag Raj,,
407,Vigna,,
408,Diptava,,
409,Thusy,,
410,Gaananthi,,
411,Oni,30.331281,76.389248
412,Thileepika,41.721572,-72.604796
413,Kavinashini,30.331281,76.389248
414,Dashami,30.331281,76.389248
415,Umeash,30.331281,76.389248
416,Samunnathi,30.331281,76.389248
417,Ahshayah,38.680566,-121.513886
418,Yesvanth,42.617029,-84.160645
419,Zintha,30.331281,76.389248
420,Hiru,30.336062,76.393362
421,Harsanth,30.331281,76.389248
422,Natalie,30.331281,76.389248
423,Lavik,30.18445,76.52749
424,Bijaya,30.331281,76.389248
425,Illakiyakathir,42.617029,-84.160645
426,Ponsaravana,30.331281,76.389248
427,Jeyarshanan,42.617029,-84.160645
428,Poorvik,30.331281,76.389248
429,Dhavanitha,42.617029,-84.160645
430,Vinithraa,-36.413439,143.614491
431,Shathick,42.617029,-84.160645
432,Kristhikan,33.829161,-111.943666
433,Akaisha,30.331281,76.389248
434,Indrajeet,35.262718,-111.738824
435,Meyyanbu,,
436,Malajan,30.331281,76.389248
437,Puspha,36.973123,-121.887618
438,Lathunika,30.331281,76.389248
439,Vita,42.617029,-84.160645
440,Sowthrayen,30.331281,76.389248
441,Seerujan,42.617029,-84.160645
442,Sachchit,30.331281,76.389248
443,Kajen,31.327403,-94.733015
444,Kameshwary,30.331281,76.389248
445,Prachiti,36.971942,-121.887999
446,Shivakumar,30.603149,-88.208579
447,Iniavelan,30.331281,76.389248
448,Gobineshwary,30.331281,76.389248
449,Dharanidharan,30.331281,76.389248
450,Kirubha,30.331281,76.389248
451,Rishirhayan,42.617029,-84.160645
452,Aarudh,30.331281,76.389248
453,Riddhya,36.972578,-121.887525
454,Anhati,30.331281,76.389248
455,Yasmina,30.331281,76.389248
456,Aarisha,30.331281,76.389248
457,Anahska,30.331281,76.389248
458,Hirthickshan,30.331281,76.389248
459,Chakrikaa,30.35058,76.374102
460,Lokaraj,30.317749,76.399894
461,Madhunisha,30.331281,76.389248
462,Vishwambaran,30.347929,76.395555
463,Jenathini,30.331281,76.389248
464,Visweswara,30.35058,76.374102
465,Dhashnu,33.860637,-111.94648
466,Jethakaran,30.35058,76.374102
467,Jayavanth,42.617029,-84.160645
468,Jaysitha,30.331281,76.389248
469,Yakshitha,42.920182,-75.0456
470,Mythasan,30.331281,76.389248
471,Kiruthikan,30.331281,76.389248
472,Deerthika,30.331281,76.389248
473,Sandru,36.97125,-121.887299
474,Kalaigan,42.617029,-84.160645
475,Div,30.603248,-88.211303
476,Anartha,30.35058,76.374102
477,Samsaran,30.331281,76.389248
478,Ananikha,42.617029,-84.160645
479,Yogannan,42.617029,-84.160645
480,Pujeetha,30.331281,76.389248
481,Ragutharan,30.331281,76.389248
482,Dihan,30.331281,76.389248
483,Vinney,42.617029,-84.160645
484,Naval,-18.227077,28.949773
485,Gowthraya,30.331281,76.389248
486,Chaula,35.365038,-91.697649
487,Tamilan,42.617029,-84.160645
488,Brishti,42.617029,-84.160645
489,Usra,30.331281,76.389248
490,Preamini,30.331281,76.389248
491,Sahastra,38.889372,-77.083475
492,Parnal,-18.227077,28.949773
493,Sudharban,42.617029,-84.160645
494,Pramod,42.617029,-84.160645
495,Meralesh,30.331281,76.389248
496,Bikesh,30.331281,76.389248
497,Vashnavi,30.331281,76.389248
498,Chapala,42.617029,-84.160645
499,Prajkta,30.35058,76.374102
500,Priyaharshini,42.617029,-84.160645
501,Gnalam,30.331281,76.389248
502,Pathin,42.617029,-84.160645
503,Venkat,30.317749,76.399894
504,Prynan,42.617029,-84.160645
505,Nilahini,30.331281,76.389248
506,Leshmita,30.336062,76.393362
507,Inniyen,42.617029,-84.160645
508,Vidhyadhar,30.331281,76.389248
509,Deepen,42.617029,-84.160645
510,Apinaya,30.331281,76.389248
511,Yugalraj,30.331281,76.389248
512,Eaellisaichelvi,30.331281,76.389248
513,Asmetha,30.331281,76.389248
514,Rathinaraman,36.973223,-121.888138
515,Mathurika,42.617029,-84.160645
516,Eisha,30.331281,76.389248
517,Cowshakan,41.825175,-75.099492
518,Aananthakumar,37.549319,-77.380143
519,Prithoshni,30.331281,76.389248
520,Packiya,42.617029,-84.160645
521,Vishnusharan,30.331281,76.389248
522,Nirthulanan,30.331281,76.389248
523,Vinyisha,30.331281,76.389248
524,Karnagaran,30.331281,76.389248
525,Roshineeswari,-29.779588,-50.043908
526,Garud,35.043844,-80.830303
527,Bhoja,30.331281,76.389248
528,Kugatharani,30.18445,76.52749
529,Yarshaya,30.331281,76.389248
530,Nayna,30.331281,76.389248
531,Mehashree,4.832066,7.032893
532,Nitheepa,30.331281,76.389248
533,Varhesh,42.617029,-84.160645
534,Guruprasath,33.837023,-111.940051
535,Jonaraaja,-18.227077,28.949773
536,Akashavartany,30.331281,76.389248
537,Vedprakash,30.317749,76.399894
538,Uddipta,33.83945,-111.9459
539,Yathunath,,
540,Limna,30.331281,76.389248
541,Anosan,30.18445,76.52749
542,Aarith,30.331281,76.389248
543,Jivith,30.331281,76.389248
544,Nagaveni,30.331281,76.389248
545,Navaneeta,30.331281,76.389248
546,Pirasanna,30.331281,76.389248
547,Matheeshan,36.972986,-121.887602
548,Lakkinathan,42.617029,-84.160645
549,Shikhar,42.617029,-84.160645
550,Rithika,30.331281,76.389248
551,Yatudhani,30.18445,76.52749
552,Karthyan,30.35058,76.374102
553,Yananjayan,30.331281,76.389248
554,Avatar,50.565455,10.414314
555,Zaiden,42.617029,-84.160645
556,Mouliga,30.331281,76.389248
557,Aaroojan,37.031825,-122.069097
558,Mahiman,33.830238,-111.942561
559,Koushagan,33.853908,-111.942629
560,Vardhani,30.331281,76.389248
561,Guntas,30.331281,76.389248
562,Visvatha,42.909551,-75.049524
563,Labona,42.617029,-84.160645
564,Sasitaran,42.617029,-84.160645
565,Varsinii,30.347929,76.395555
566,Laavanyah,38.68113,-121.513415
567,Elamaran,30.331281,76.389248
568,Varutheshan,42.617029,-84.160645
569,Rajprakash,35.262718,-111.738824
570,Amarkali,30.331281,76.389248
571,Prameela,37.171713,-122.160096
572,Charuhasini,42.617029,-84.160645
573,Jasbeer,30.331281,76.389248
574,Sathish,30.331281,76.389248
575,Nayanna,30.336062,76.393362
576,Koshana,30.331281,76.389248
577,Venushanan,42.617029,-84.160645
578,Bawankumar,30.331281,76.389248
579,Ashvinie,42.617029,-84.160645
580,Kandeeban,42.617029,-84.160645
581,Adhiyan,42.617029,-84.160645
582,Sadabindu,42.617029,-84.160645
583,Kaamisha,30.331281,76.389248
584,Ragulini,30.347929,76.395555
585,Vinamar,42.617029,-84.160645
586,Kavipraja,41.722173,-72.606016
587,Ubasri,30.331281,76.389248
588,Nisvanth,42.625454,-84.15395
589,Kakali,30.331281,76.389248
590,Kanaklata,30.317749,76.399894
591,Hamshika,42.617029,-84.160645
592,Yogith,30.331281,76.389248
593,Innuja,42.617029,-84.160645
594,Sanjey,30.331281,76.389248
595,Bharidharan,30.317749,76.399894
596,Reema,32.583734,-97.148188
597,Athasha,37.031825,-122.069097
598,Vithican,35.262718,-111.740233
599,Shreejeet,31.327461,-94.731874
600,Knish,42.617029,-84.160645
601,Nithushakan,30.331281,76.389248
602,Puskala,30.331281,76.389248
603,Rishigeshen,42.617029,-84.160645
604,Thavakaran,30.35058,76.374102
605,Aathiraya,30.336062,76.393362
606,Prayantha,42.62071,-84.160957
607,Kiruben,35.51048,-91.983492
608,Malka,30.331281,76.389248
609,Palani,30.331281,76.389248
610,Saron,30.35058,76.374102
611,Arru,42.617029,-84.160645
612,Kohila,30.331281,76.389248
613,Abimanu,30.331281,76.389248
614,Elliloviyam,30.347929,76.395555
615,Laraniya,42.617029,-84.160645
616,Tharkana,30.331281,76.389248
617,Lilanthi,30.331281,76.389248
618,Himansh,30.331281,76.389248
619,Akarsha,46.670486,-68.009588
620,Nillavi,30.331281,76.389248
621,Gowtheepen,36.971204,-121.886195
622,Mehgan,30.331281,76.389248
623,Siddh,42.617029,-84.160645
624,Guru Dutt,30.331281,76.389248
625,Krushi,42.91423,-75.048346
626,Jeyappiragash,30.331281,76.389248
627,Sree Sabari,42.617029,-84.160645
628,Neeraga,30.331281,76.389248
629,Devatideva,30.331281,76.389248
630,Maccha,42.634988,-84.156817
631,Baisakhi,30.35058,76.374102
632,Brahatshan,41.241569,-74.536416
633,Abhiral,,
634,Lathurami,30.603149,-88.208579
635,Roeshini,44.417645,-68.268109
636,Samuthrathanayai,30.331281,76.389248
637,Asokana,41.476121,-73.191218
638,Pramilarani,42.617029,-84.160645
639,Anchana,36.971521,-121.886626
640,Chivan,30.331281,76.389248
641,Indrakanta,38.677945,-121.808101
642,Bharathiraja,30.331281,76.389248
643,Thushari,30.331281,76.389248
644,Mohanakumari,42.617029,-84.160645
645,Kersan,32.583734,-97.148188
646,Lashaana,38.680285,-121.513169
647,Poomahal,30.331281,76.389248
648,Sivalingam,30.317749,76.399894
649,Apurva,42.617029,-84.160645
650,Adhana,30.331281,76.389248
651,Samarendra,30.331281,76.389248
652,Suriya,30.331281,76.389248
653,Dharsica,23.758057,90.41257
654,Ellilvizhi,30.331281,76.389248
655,Kirijanth,,
656,Saayeeshan,30.331281,76.389248
657,Lishanya,30.331281,76.389248
658,Sreejith,41.186245,-8.558899
659,Prajapati,42.617029,-84.160645
660,Gangashri,42.617029,-84.160645
661,Mishrak,30.331281,76.389248
662,Yudhvir,30.317749,76.399894
663,Bishwambhar,30.347929,76.395555
664,Sreesaran,42.617029,-84.160645
665,Danuxhna,30.331281,76.389248
666,Nirmalah,38.681094,-121.513676
667,Kunthi,30.331281,76.389248
668,Sathuriyan,30.317749,76.399894
669,Aahesh,41.824827,-75.098557
670,Gishi,35.055414,-80.838786
671,Laher,42.909551,-75.049524
672,Shatrukan,42.617029,-84.160645
673,Praanjal,10.135778,76.32127
674,Rachiyata,42.481318,-83.277998
675,Abraham,42.617029,-84.160645
676,Malarkodi,42.617029,-84.160645
677,Manmatha,36.972713,-121.887533
678,Yashila,30.331281,76.389248
679,Mareeswari,30.35058,76.374102
680,Vaamitha,42.617029,-84.160645
681,Oishani,30.603248,-88.211303
682,Namyuthan,30.331281,76.389248
683,Krithika,30.331281,76.389248
684,Hirushan,30.317749,76.399894
685,Naved,30.331281,76.389248
686,Andhika,42.627496,-84.159086
687,Anandharaj,38.680557,-121.513356
688,Virubaa,42.617029,-84.160645
689,Dhore,42.617029,-84.160645
690,Anunthini,50.660867,6.798895
691,Jasanthan,30.331281,76.389248
692,Aadhithya,42.632929,-84.15665
693,Chhavvi,30.331281,76.389248
694,Luckya,30.331281,76.389248
695,Deleena,30.35058,76.374102
696,Umeshkar,30.331281,76.389248
697,Aruni,30.336062,76.393362
698,Illamthiriyan,30.317749,76.399894
699,Gurleen,42.617029,-84.160645
700,Venaisha,30.35058,76.374102
701,Kaarthigayini,42.617029,-84.160645
702,Gaayanth,35.365038,-91.697649
703,Aanya,35.061666,-80.841103
704,Karkuzhali,30.331281,76.389248
705,Aaheerthana,33.837023,-111.940051
706,Lekisha,30.331281,76.389248
707,Elanko,30.35058,76.374102
708,Darlene,38.680557,-121.513356
709,Elilventhan,30.331281,76.389248
710,Dhithi,30.331281,76.389248
711,Tharishna,30.331281,76.389248
712,Samaj,30.331281,76.389248
713,Thanaraj,42.617029,-84.160645
714,Shanthooshan,43.727756,-72.585404
715,Yaaratha,42.617029,-84.160645
716,Pushkara,30.331281,76.389248
717,Thahana,42.617029,-84.160645
718,Jesliya,30.35058,76.374102
719,Naseer,42.617029,-84.160645
720,Kabir,30.317749,76.399894
721,Dilani,42.617029,-84.160645
722,Malyuththan,30.331281,76.389248
723,Prabana,32.585317,-97.147372
724,Kanjak,42.617029,-84.160645
725,Nizamuddeen,42.617029,-84.160645
726,Indus,42.617029,-84.150812
727,Gandhini,42.91423,-75.048346
728,Yathooshana,42.617029,-84.160645
729,Kirupan,30.331281,76.389248
730,Shah,42.62591,-84.156977
731,Rupinder,30.35058,76.374102
732,Gowrangi,42.617029,-84.160645
733,Vrisan,30.331281,76.389248
734,Lakarya,30.331281,76.389248
735,Ajitaabh,42.617029,-84.160645
736,Jalan,38.68041,-121.511698
737,Thirumalaiselvi,30.331281,76.389248
738,Vijayshana,-37.986655,145.212291
739,Danya,41.722099,-72.604457
740,Badshah,33.826646,-111.943864
741,Pundir,42.627496,-84.159086
742,Govindarajulu,10.652048,-61.393218
743,Susharan,42.617029,-84.160645
744,Sashikumar,42.617029,-84.160645
745,Kowshika,32.490868,74.540486
746,Mahilana,42.617029,-84.160645
747,Samanwi,30.331281,76.389248
748,Sai deepan,42.617029,-84.160645
749,Prahalan,30.331281,76.389248
750,Keethikasri,-37.986655,145.212291
751,Kathyaani,42.617029,-84.160645
752,Subhy,-18.227077,28.949773
753,Saravanan,30.331281,76.389248
754,Chyavan,30.331281,76.389248
755,Ekaant,42.617029,-84.160645
756,Jainarayan,30.317749,76.399894
757,Bhuwan,30.331281,76.389248
758,Vithyashini,41.720544,-72.603882
759,Isha Kritik,42.617029,-84.160645
760,Devnarayan,42.617029,-84.160645
761,Varaahamihir,38.681094,-121.513676
762,Harshiv,30.331281,76.389248
763,Vimysha,42.617029,-84.160645
764,Jakatha,42.617029,-84.160645
765,Perarasan,30.331281,76.389248
766,Cajentha,30.336062,76.393362
767,Suneet,42.617029,-84.160645
768,Neroshanth,30.331281,76.389248
769,Nathlini,-18.227077,28.949773
770,Kamalini,30.331281,76.389248
771,Amudha,30.331281,76.389248
772,Aarati,30.331281,76.389248
773,Kivshara,42.617029,-84.160645
774,Chinthanaichelvan,30.331281,76.389248
775,Preran,33.860637,-111.94648
776,Kiruthan,27.532207,83.6563
777,Veyaamini,30.331281,76.389248
778,Anoshika,30.331281,76.389248
779,Mogilan,42.617029,-84.160645
780,Pomesh,42.617029,-84.160645
781,Ramyaashri,30.331281,76.389248
782,Akeem,30.331281,76.389248
783,Niraathi,-37.986655,145.212291
784,Kriteeni,42.617029,-84.160645
785,Banshi,-18.227077,28.949773
786,Thamini,42.617029,-84.160645
787,Artha,33.858277,-111.944047
788,Baalatripurasundari,36.971204,-121.886195
789,Varisayan,30.331281,76.389248
790,Abhinit,38.909147,-97.849683
791,Chandranshu,30.331281,76.389248
792,Eeshta,33.853908,-111.942629
793,Danishaa,36.970877,-121.886525
794,Mathna,30.331281,76.389248
795,Aloke,8.398206,77.022697
796,Swami,42.617029,-84.160645
797,Pundari,30.331281,76.389248
798,Sangeeta,42.617029,-84.160645
799,Isaiyalan,31.734887,-106.488456
800,Kanalesh,30.331281,76.389248
801,Sharvesh,42.617029,-84.160645
802,Poovizi,30.331281,76.389248
803,Vachya,42.617029,-84.160645
804,Mihira,42.481318,-83.277998
805,Chinmai,36.971942,-121.887999
806,Vethana,30.331281,76.389248
807,Bhoopat,35.51048,-91.983492
808,Thusika,30.347929,76.395555
809,Timila,30.331281,76.389248
810,Pushthi,41.226058,-73.252781
811,Abimaren,41.122922,-104.805002
812,Abdul Ali,42.617029,-84.160645
813,Birindar,30.317749,76.399894
814,Gokulakanna,30.331281,76.389248
815,Rajivna,30.331281,76.389248
816,Niti,30.35058,76.374102
817,Sarathan,30.336062,76.393362
818,Mythavaran,30.331281,76.389248
819,Kiirtika,42.617029,-84.160645
820,Maiyooran,41.825623,-75.099208
821,Yasoda,30.331281,76.389248
822,Devasenapati,42.617029,-84.160645
823,Nishchit,41.719449,-72.602462
824,Madhulatha,42.617029,-84.160645
825,Nomita,30.331281,76.389248
826,Yashvi,30.331281,76.389248
827,Biraaj,36.971007,-121.886654
828,Gayatri,36.972986,-121.887602
829,Elaventhan,31.327895,-94.730927
830,Sarbojit,30.331281,76.389248
831,Kukan,41.722099,-72.604457
832,Sabal,41.719731,-72.601715
833,Divisha,30.331281,76.389248
834,Rithikrajan,30.331281,76.389248
835,Mirthisha,39.754064,-76.380346
836,Thawmiya,42.617029,-84.160645
837,Nigaran,42.617029,-84.160645
838,Piyush,42.617029,-84.160645
839,Veshanthini,-18.227077,28.949773
840,Moumitha,30.331281,76.389248
841,Druki,35.51048,-91.983492
842,Shivin,30.331281,76.389248
843,Thujani,41.722279,-72.604947
844,Dinuya,,
845,Anoyan,30.331281,76.389248
846,Yogathasen,42.617029,-84.160645
847,Gowri,42.617029,-84.160645
848,Yarivaranthan,30.347929,76.395555
849,Niththik,30.331281,76.389248
850,Ananthaveena,42.617029,-84.160645
851,Aaysha,30.317749,76.399894
852,Elumalainaathan,30.317749,76.399894
853,Rahni,30.331281,76.389248
854,Ameyaa,30.331281,76.389248
855,Charulata,30.331281,76.389248
856,Vakthees,30.331281,76.389248
857,Dharmikashri,42.630099,-84.156181
858,Nithashan,30.331281,76.389248
859,Patala,42.617029,-84.160645
860,Naminthini,-16.5211,28.792241
861,Varshikka,30.331281,76.389248
862,Dharshwin,30.331281,76.389248
863,Agimsan,30.352004,76.369413
864,Divashan,,
865,Pranit,51.157986,4.745343
866,Vishoth,30.331281,76.389248
867,Junaitha,42.617029,-84.160645
868,Yaatra,41.720544,-72.603882
869,Eelam,36.971331,-121.886309
870,Rubayasvinya,36.971007,-121.886654
871,Bhavagna,42.617029,-84.160645
872,Aademma,42.617029,-84.160645
873,Dhishani,42.617029,-84.160645
874,Karunagaran,30.331281,76.389248
875,Punyah,30.331281,76.389248
876,Madhukavin,30.331281,76.389248
877,Tarita,46.133135,-60.180121
878,Iaitheegen,42.617029,-84.160645
879,Agalyakaran,41.721745,-72.604819
880,Kaeshihan,35.061666,-80.841103
881,Ashit,42.617029,-84.160645
882,Anusia,33.826646,-111.943864
883,Sahinsan,42.617029,-84.160645
884,Kirusha,30.331281,76.389248
885,Kalimohan,30.331281,76.389248
886,Arshayan,44.392527,-88.717987
887,Vanesha,30.331281,76.389248
888,Jaskirat,30.317749,76.399894
889,Bibhu,44.313742,-70.044137
890,Viginee,,
891,Dhanamjay,42.617029,-84.160645
892,Bismeet,30.331281,76.389248
893,Bharanitha,30.331281,76.389248
894,Yuvathika,42.617029,-84.160645
895,Kurmi,42.617029,-84.160645
896,Arthish,30.331281,76.389248
897,Anushen,30.331281,76.389248
898,Thiagarajan,42.617029,-84.160645
899,Gnanamohan,42.634468,-84.156782
900,Devika,30.331281,76.389248
901,Anvith,30.290475,76.326999
902,Tharanthi,42.617029,-84.160645
903,Leethikaa,30.331281,76.389248
904,Monark,54.586016,-5.934439
905,Vaishanyasri,31.327895,-94.730927
906,Kamalanathan,10.135778,76.32127
907,Adithya ramanan,,
908,Abhinaya,30.331281,76.389248
909,Jennessa,30.331281,76.389248
910,Jivita,20.553504,-104.038206
911,Yatindra,42.617029,-84.160645
912,Aanandatha,30.331281,76.389248
913,Thakarshi,30.331281,76.389248
914,Lithyani,42.617029,-84.160645
915,Srijayan,43.728203,-72.584881
916,Magiesha,42.617029,-84.160645
917,Arun prakash,30.331281,76.389248
918,Keerthikeyan,42.617029,-84.160645
919,Srivanth,-18.227077,28.949773
920,Kunesh,30.331281,76.389248
921,Tavesh,36.97326,-121.887641
922,Jeneesh kumar,41.722173,-72.606016
923,Apitha,42.617029,-84.160645
924,Anoor,42.617029,-84.160645
925,Puviyazhan,42.617029,-84.160645
926,Duran,42.617029,-84.160645
927,Lila,11.175178,-60.757963
928,Nishhcitha,33.837827,-111.947299
929,Jathushara,42.617029,-84.160645
930,Gouritha,33.829161,-111.943666
931,Routhiran,30.331281,76.389248
932,Biswa,30.331281,76.389248
933,Khazana,30.331281,76.389248
934,Chetanaanand,30.35058,76.374102
935,Vikatinanda,42.617029,-84.160645
936,Nithiyanandan,30.331281,76.389248
937,Yatharthana,30.331281,76.389248
938,Sasvath,30.336062,76.393362
939,Havva,41.722701,-72.605087
940,Gerothis,30.331281,76.389248
941,Thanyaa,41.72024,-72.602114
942,Niveethan,30.331281,76.389248
943,Sukunnan,36.971578,-121.886801
944,Achmani,41.938896,-71.715513
945,Arputhan,42.630099,-84.156181
946,Neeva,30.347929,76.395555
947,Purushottam,33.844896,-111.942709
948,Pathmakala,-37.986655,145.212291
949,Veemithikan,30.331281,76.389248
950,Ashravya,30.317749,76.399894
951,Padmalaya,30.331281,76.389248
952,Nathin,42.617029,-84.160645
953,Raveena,30.331281,76.389248
954,Mamatha,30.290475,76.326999
955,Bahurai,30.331281,76.389248
956,Aajeevan,-36.415207,143.616287
957,Tharshaan,30.331281,76.389248
958,Jeyalakshmy,45.147699,-79.118605
959,Prithivya,37.549319,-77.380143
960,Kalpagam,30.331281,76.389248
961,Saket Sriram,30.35058,76.374102
962,Dananth,42.617029,-84.160645
963,Yaathanga,42.617029,-84.160645
964,Humshika,30.331281,76.389248
965,Kamraj,36.970309,-121.886031
966,Anjushri,41.824905,-75.099232
967,Sihaan,42.617029,-84.160645
968,Vikrama rajan,44.313742,-70.044137
969,Baherathan,30.331281,76.389248
970,Vedharth,,
971,Yoshmitha,36.29078,65.933372
972,Chithruban,41.939795,-71.716313
973,Jenanithan,38.680428,-121.513835
974,Nirthesha,42.617029,-84.160645
975,Thaarun,30.331281,76.389248
976,Dhatchaya,30.331281,76.389248
977,Ponpugalini,38.680285,-121.513169
978,Logabriyan,30.331281,76.389248
979,Yavanika,30.331281,76.389248
980,Abirnatha,42.617029,-84.160645
981,Siddhanath,30.331281,76.389248
982,Duhita,42.617029,-84.160645
983,Svayambhut,43.727802,-72.58468
984,Sudhamay,-29.779588,-50.043908
985,Kaaviyapriyan,30.331281,76.389248
986,Ushenya,38.681121,-121.512268
987,Vickna,33.837367,-111.942515
988,Vijayaletchemi,41.824728,-75.099781
989,Moulini,27.53696,83.656884
990,Thivyanee,30.331281,76.389248
991,Kumudni,42.617029,-84.160645
992,Dayashankar,30.317749,76.399894
993,Yukeshana,42.617029,-84.160645
994,Kenga,42.626633,-84.154046
995,Abani,30.331281,76.389248
996,Mellina,42.617029,-84.160645
997,Adedev,30.331281,76.389248
998,Maalolan,42.617029,-84.160645
999,Bhagyaraj,30.331281,76.389248
1000,Deepanshi,42.617029,-84.160645
